14.1.1.32. Az egy fõre jutó éves élelmiszer-fogyasztás mennyisége a referenciaszemély korcsoportja, iskolai végzettsége és a háztartástagok korösszetétele szerint [kilogramm];;;;;;;;;;;;;;;;
Megnevezés;Összesen;Referenciaszemély korcsoportja: 25 évesnél fiatalabb;Referenciaszemély korcsoportja: 25–54 éves;Referenciaszemély korcsoportja: 55–64 éves;Referenciaszemély korcsoportja: 65 éves és idõsebb;Referenciaszemély iskolai végzettsége: alapfokú vagy nincs iskolai végzettsége;Referenciaszemély iskolai végzettsége: középfokú érettségi nélkül;Referenciaszemély iskolai végzettsége: középfokú érettségivel;Referenciaszemély iskolai végzettsége: felsõfokú;A háztartástagok korösszetétele: csak fiatalok;A háztartástagok korösszetétele: csak középkorúak;A háztartástagok korösszetétele: csak idõsek;A háztartástagok korösszetétele: csak fiatalok és középkorúak;A háztartástagok korösszetétele: csak fiatalok és idõsek;A háztartástagok korösszetétele: csak középkorúak és idõsek;A háztartástagok korösszetétele: fiatalok, középkorúak és idõsek
2010;;;;;;;;;;;;;;;;
Kenyér;44,5;47,6;40,6;50,5;52,4;61,4;44,9;35,3;27,4;37,0;55,5;54,3;39,0;42,0;51,8;41,0
Péksütemény;9,9;9,8;9,6;10,1;10,9;8,6;9,9;10,3;11,8;11,0;12,7;11,5;9,1;9,2;9,2;8,2
Egyéb cereáliák;30,8;25,5;25,9;37,7;42,8;36,8;30,5;27,7;26,2;22,3;35,6;46,1;24,9;30,9;39,4;26,3
Cereáliák összesen;85,2;82,9;76,0;98,3;106,0;106,8;85,3;73,3;65,4;70,3;103,9;111,9;73,0;82,1;100,4;75,6
Marha- és borjúhús;0,9;0,7;0,7;1,3;1,1;0,7;0,9;0,9;1,1;0,3;1,4;1,1;0,7;0,6;1,4;0,9
Sertéshús;15,7;12,9;13,8;19,4;19,1;18,3;16,0;14,5;10,9;11,0;18,5;20,2;13,4;12,5;20,9;14,7
Baromfihús;16,5;12,9;14,2;20,4;21,7;19,5;16,4;15,0;14,3;11,1;20,3;23,2;13,7;15,0;22,1;13,3
Szalámi, szárazkolbász, sonka;5,7;5,3;5,1;6,9;7,1;5,2;5,9;5,8;6,1;4,5;8,2;7,5;4,7;5,2;7,2;4,5
Egyéb hentesáru;9,5;9,7;8,7;10,6;11,1;10,4;9,6;8,9;8,0;9,1;12,8;11,8;8,2;6,9;11,1;7,8
Belsõség;2,9;2,1;2,4;3,8;4,3;3,7;3,0;2,6;1,9;1,1;3,9;4,7;2,1;2,5;4,4;2,9
Mirelit hústermékek, húskonzervek;1,7;2,9;1,7;1,7;1,6;1,7;1,7;1,7;1,6;2,9;2,7;1,8;1,5;0,5;1,4;1,6
Juh-, kecske-, nyúl- és egyéb hús;0,2;0,1;0,1;0,2;0,3;0,2;0,2;0,1;0,1;0,0;0,2;0,2;0,1;0,0;0,5;0,1
Húsfélék összesen;53,1;46,5;46,7;64,3;66,3;59,7;53,8;49,6;44,0;40,0;68,0;70,5;44,3;43,2;69,0;45,8
Hal;1,3;0,5;1,1;1,6;1,6;0,9;1,3;1,4;2,0;0,6;1,8;1,7;1,0;1,1;1,5;1,2
Halkonzerv;0,3;0,2;0,3;0,4;0,4;0,2;0,3;0,4;0,6;0,3;0,6;0,4;0,3;0,2;0,4;0,2
Hal, halkonzerv;1,6;0,7;1,4;2,0;1,9;1,1;1,6;1,8;2,6;1,0;2,4;2,1;1,3;1,3;1,9;1,4
Tej, liter;53,6;43,9;47,9;58,1;72,3;55,1;51,4;54,4;58,8;46,8;59,7;75,0;45,7;58,1;61,2;48,5
Joghurt, kefir, tejföl, liter;12,1;10,5;10,5;14,2;16,6;10,3;11,3;13,3;17,4;11,2;15,9;18,3;9,8;11,4;13,6;9,0
Sajt, túró, tejkonzerv, tejpor;5,6;4,9;4,9;6,8;7,3;4,4;5,2;6,5;8,5;4,8;7,4;8,0;4,6;5,8;6,2;4,5
Tojás, db;150;122;126;179;216;174;150;140;120;105;186;227;117;179;197;125
Vaj, vajkrém;0,9;0,9;0,8;1,0;1,0;0,7;0,8;1,0;1,5;1,0;1,1;1,2;0,8;0,9;0,8;0,7
Margarin és növényi zsírok;3,5;2,6;2,9;4,1;4,9;3,5;3,5;3,4;3,3;2,1;4,2;5,3;2,8;3,3;4,0;2,8
Étolaj, olívaolaj;9,3;8,0;8,1;11,3;12,1;10,4;9,4;8,7;7,9;6,9;12,0;13,0;7,6;9,7;11,2;8,2
Állati zsíradék;3,7;2,8;3,0;4,4;5,4;5,9;3,6;2,6;1,2;1,9;4,7;5,6;2,6;2,2;5,6;3,9
Zsiradék összesen;17,3;14,3;14,8;20,8;23,5;20,6;17,3;15,7;13,9;11,8;22,2;25,1;13,9;16,0;21,6;15,7
Citrusfélék;6,2;4,2;5,2;7,4;9,2;5,0;5,8;7,3;8,4;4,7;8,7;10,0;4,8;5,6;6,7;4,4
Banán;4,3;3,4;4,0;4,7;5,2;3,3;3,9;5,0;6,4;4,1;5,7;5,8;3,7;3,3;4,2;3,4
Alma;11,6;9,9;8,8;14,7;19,3;13,0;10,4;12,3;12,0;8,9;15,1;21,3;8,4;9,8;12,6;8,6
Körte;1,1;0,6;0,8;1,7;2,0;1,3;1,0;1,1;1,6;0,7;1,5;2,3;0,7;0,7;1,9;0,9
Õszibarack;2,3;2,0;1,9;3,0;3,1;1,7;2,3;2,4;3,6;2,3;3,4;3,6;1,8;1,6;2,6;1,1
Sárgabarack;0,5;0,1;0,3;0,8;1,4;0,5;0,6;0,4;0,8;0,1;0,5;1,5;0,3;0,1;0,7;0,2
Cseresznye;0,4;0,5;0,3;0,5;0,8;0,4;0,5;0,3;0,3;0,1;0,3;0,9;0,4;0,0;0,3;0,3
Meggy;0,9;0,9;0,5;1,2;1,8;1,1;0,9;0,7;0,5;0,3;0,7;2,0;0,6;0,2;1,2;0,5
Szilva;1,0;0,8;0,7;1,5;1,5;1,1;0,9;1,1;0,8;0,3;1,6;1,8;0,6;0,2;1,5;0,6
Földieper, málna, ribizli;0,7;0,5;0,6;0,7;1,0;0,4;0,7;0,7;1,1;0,4;0,7;1,2;0,5;0,6;0,7;0,5
Szõlõ;1,7;1,9;1,3;2,3;2,8;1,9;1,5;2,0;1,7;1,4;2,3;3,0;1,2;1,2;2,8;1,0
Sárgadinnye;0,7;0,6;0,5;1,0;0,8;0,4;0,6;0,8;1,2;0,8;0,9;1,0;0,5;0,6;0,8;0,4
Görögdinnye;4,2;3,5;3,8;5,3;4,8;3,8;3,8;4,7;6,2;3,6;5,9;4,9;3,7;4,1;6,2;2,7
Egyéb gyümölcs;0,8;0,3;0,7;1,2;1,0;0,5;0,7;1,0;1,8;0,8;1,1;1,3;0,6;0,7;1,2;0,4
Dió, mák, mogyoró, mandula, magvak;1,3;0,6;1,1;1,6;1,7;1,0;1,2;1,5;1,8;0,7;1,8;1,9;1,1;1,0;1,4;0,9
Gyümölcskészítmények;0,1;0,1;0,1;0,1;0,2;0,1;0,1;0,1;0,2;0,3;0,2;0,2;0,1;0,1;0,1;0,1
Gyümölcs összesen;37,8;29,9;30,4;47,9;56,5;35,5;34,9;41,4;48,5;29,4;50,2;62,7;29,1;29,8;45,0;25,9
Leveles, száraz zöldségek;2,9;2,4;2,2;4,1;4,5;2,2;2,7;3,4;4,6;1,6;3,5;5,6;2,2;1,0;3,3;2,2
Káposztafélék;5,7;3,7;4,4;7,7;9,1;6,6;5,6;5,3;5,3;2,9;7,0;9,8;4,1;6,5;7,9;5,2
Uborka;3,0;2,4;2,5;4,1;4,2;2,9;3,3;3,0;2,5;1,7;4,1;4,6;2,2;2,6;5,2;2,2
Paradicsom;4,5;3,1;3,7;5,3;6,8;4,3;4,5;4,4;5,7;4,8;6,4;7,7;3,2;4,8;4,9;3,2
Zöldpaprika;4,6;3,3;3,8;5,9;6,5;4,5;4,8;4,2;5,1;3,9;6,5;7,4;3,2;5,6;6,3;3,8
Zöldbab;0,9;0,6;0,7;1,2;1,5;1,2;0,9;0,8;0,5;0,2;1,0;1,6;0,6;0,8;1,8;0,7
Zöldborsó;0,9;0,7;0,7;1,1;1,2;1,0;0,9;0,7;0,4;0,2;0,8;1,4;0,7;0,1;1,7;0,7
Szárazhüvelyesek;1,0;0,8;0,9;1,3;1,4;1,4;1,0;0,9;0,6;0,5;1,4;1,5;0,8;0,5;1,4;0,8
Gomba;0,7;0,4;0,6;0,9;0,8;0,4;0,6;0,8;1,2;0,4;0,9;0,9;0,6;0,5;0,9;0,4
Sárgarépa, petrezselyemgyökér;7,1;5,1;5,9;9,0;10,0;8,2;7,0;6,7;6,3;4,3;8,8;11,1;5,6;4,6;10,1;5,6
Vöröshagyma;7,3;4,8;6,1;9,5;10,1;8,6;7,4;6,5;6,2;4,5;10,0;10,7;5,7;7,5;9,9;6,4
Egyéb friss zöldség;2,8;1,2;2,2;3,8;4,4;2,1;2,7;3,0;4,7;1,6;3,4;5,1;2,1;2,4;3,5;2,0
Tartósított zöldség, zöldségkészítmények;6,5;5,6;5,7;7,8;8,1;6,2;6,3;6,6;8,0;5,6;8,6;8,8;5,4;5,6;7,4;5,8
Burgonya;29,2;26,5;25,2;34,6;39,1;39,0;28,9;24,3;20,7;20,6;34,7;40,3;23,9;29,3;39,4;26,8
Zöldség és burgonya összesen;77,2;60,7;64,5;96,4;107,6;88,7;76,6;70,7;71,6;52,6;97,0;116,8;60,1;71,6;103,8;65,8
Cukor;13,8;11,7;11,3;16,9;20,2;17,3;13,7;12,4;9,5;8,7;15,5;21,3;10,9;12,8;19,5;12,0
Ásványvíz, liter;59,8;39,8;52,6;76,3;72,0;40,7;59,3;69,7;81,4;53,9;88,8;81,9;49,1;56,0;64,8;43,1
Szénsavas üdítõitalok, liter;27,6;40,4;27,5;29,3;23,7;29,3;29,1;25,9;20,3;34,5;34,3;25,4;26,6;27,3;31,7;22,1
Gyümölcslevek, liter;13,0;10,9;13,3;12,8;12,1;7,8;11,3;16,2;25,2;15,4;16,1;12,9;12,8;12,4;11,6;10,4
Bor, boralapú italok, liter;5,7;3,6;4,2;8,9;8,0;5,8;5,4;5,5;7,4;3,7;11,1;9,0;3,3;2,0;9,3;4,7
2015;;;;;;;;;;;;;;;;
Kenyér;36,6;43,5;31,8;44,2;45,4;47,8;39,4;34,0;26,1;30,9;50,3;48,1;29,7;35,5;39,6;30,6
Péksütemény;12,9;12,7;12,1;13,3;15,5;10,5;12,8;13,9;14,1;16,2;17,6;16,0;11,1;10,2;12,5;9,0
Egyéb cereáliák;35,1;28,9;29,1;43,8;49,3;42,3;37,7;32,8;27,6;28,5;41,5;52,3;27,0;33,0;44,0;29,1
Cereáliák összesen;84,5;85,1;73,0;101,4;110,2;100,6;89,8;80,6;67,8;75,6;109,4;116,4;67,9;78,7;96,1;68,8
Marha- és borjúhús;0,7;0,6;0,5;1,0;1,1;0,5;0,7;0,7;0,8;0,3;0,9;1,2;0,5;0,8;0,8;0,4
Sertéshús;16,3;17,2;13,3;23,3;20,4;17,0;19,3;15,7;12,0;8,4;20,7;23,2;12,4;14,7;24,0;14,1
Baromfihús;19,2;17,8;16,3;24,4;24,9;22,5;20,0;19,4;15,4;14,8;23,9;28,4;15,0;14,6;24,5;14,4
Szalámi, szárazkolbász, sonka;8,1;6,1;6,6;10,8;10,9;7,8;9,2;7,7;6,9;6,9;11,1;12,0;5,6;6,5;11,9;6,1
Egyéb hentesáru;11,2;9,5;10,1;12,8;14,0;12,9;12,0;11,0;9,0;10,3;15,8;14,9;8,9;11,2;11,7;10,3
Belsõség;2,9;1,4;2,4;4,0;4,1;2,9;3,4;3,2;2,0;1,7;3,5;4,8;2,2;1,7;4,1;2,3
Mirelit hústermékek, húskonzervek;2,1;1,5;2,1;2,4;2,1;2,2;2,3;2,1;1,8;2,3;3,3;2,3;1,8;2,0;2,1;1,5
Juh-, kecske-, nyúl- és egyéb hús;0,2;0,0;0,1;0,7;0,2;0,1;0,2;0,4;0,2;0,0;0,3;0,2;0,1;0,1;0,7;0,6
Húsfélék összesen;60,8;54,0;51,4;79,4;77,6;66,0;67,1;60,1;48,2;44,8;79,5;87,0;46,4;51,6;79,8;49,8
Hal;1,0;1,1;0,8;1,5;1,4;0,7;1,1;1,1;1,1;0,5;1,4;1,7;0,7;1,7;1,4;0,8
Halkonzerv;0,5;0,2;0,4;0,6;0,6;0,2;0,4;0,6;0,6;0,3;1,0;0,7;0,3;0,5;0,5;0,2
Hal, halkonzerv;1,5;1,3;1,2;2,0;2,0;0,9;1,5;1,7;1,7;0,8;2,4;2,4;1,0;2,2;1,8;1,1
Tej, liter;53,0;45,4;46,9;58,8;71,0;50,8;53,4;56,5;51,2;58,0;61,2;73,1;43,8;56,2;59,7;41,5
Joghurt, kefir, tejföl, liter;13,2;10,1;11,5;15,1;18,1;11,0;12,7;14,2;14,8;12,9;17,2;19,3;10,3;9,6;14,5;10,3
Sajt, túró, tejkonzerv, tejpor;7,1;5,4;6,1;8,4;9,6;5,2;7,0;7,6;8,3;6,8;9,6;10,2;5,5;5,4;7,8;5,6
Tojás, db;140;114;113;181;203;154;151;140;115;126;190;222;100;128;171;105
Vaj, vajkrém;1,1;0,9;1,0;1,4;1,5;1,0;1,0;1,1;1,5;1,1;1,7;1,6;0,9;0,9;0,9;0,8
Margarin és növényi zsírok;3,7;3,7;3,1;4,4;5,3;3,9;4,1;3,8;2,8;3,1;4,3;5,6;2,8;3,6;4,4;3,4
Étolaj, olívaolaj;11,0;9,1;9,3;13,8;14,8;12,6;11,7;10,3;9,5;7,9;13,4;16,2;8,6;9,2;11,9;11,5
Állati zsíradék;1,7;1,9;1,2;2,4;2,8;2,6;2,2;1,4;0,7;0,6;2,0;3,0;1,0;1,4;3,1;1,4
Zsiradék összesen;17,6;15,7;14,6;21,9;24,5;20,1;19,0;16,6;14,4;12,7;21,4;26,4;13,3;15,2;20,4;17,2
Citrusfélék;7,2;4,2;5,8;9,1;11,0;4,9;6,2;8,4;9,5;6,9;10,4;12,1;4,9;6,4;7,7;5,3
Banán;5,3;4,1;4,8;5,8;7,1;3,7;5,1;6,1;6,4;9,2;7,5;7,6;4,0;4,5;5,9;3,0
Alma;11,4;9,5;8,5;15,7;18,1;10,5;11,0;11,2;12,8;11,0;15,4;19,9;8,0;7,9;10,4;8,4
Körte;2,2;1,0;1,6;2,7;3,9;1,4;2,3;2,3;2,5;1,4;2,8;4,1;1,4;0,9;2,7;2,1
Õszibarack;3,0;1,9;2,1;5,2;4,8;2,3;2,7;4,0;3,3;2,0;3,4;5,8;2,0;0,9;5,9;0,6
Sárgabarack;0,8;0,3;0,4;2,0;1,4;0,6;0,7;0,7;1,2;0,1;1,0;1,4;0,5;0,5;2,5;0,1
Cseresznye;0,6;0,1;0,4;0,8;1,6;1,0;0,5;0,7;0,5;0,2;0,7;1,6;0,2;0,1;1,6;0,7
Meggy;1,2;0,3;0,7;2,0;2,1;1,1;1,2;1,4;1,1;0,2;1,3;1,9;0,7;0,2;3,5;0,7
Szilva;1,3;0,6;0,8;1,9;2,5;0,8;1,3;1,5;1,4;0,5;2,1;2,7;0,6;0,7;1,9;1,3
Földieper, málna, ribizli;0,9;0,4;0,5;1,4;2,0;0,7;1,0;0,9;0,8;0,7;1,0;2,3;0,4;0,4;1,2;0,6
Szõlõ;1,7;0,6;1,3;1,7;3,1;1,2;1,5;1,5;2,4;1,1;2,1;3,0;1,1;0,9;2,2;1,0
Sárgadinnye;0,8;0,4;0,6;0,9;1,2;0,5;0,6;0,8;1,2;1,0;1,0;1,2;0,5;0,2;1,3;0,5
Görögdinnye;6,4;7,0;5,7;6,8;8,5;5,2;6,3;7,4;6,6;11,2;7,4;9,5;5,1;1,2;7,3;3,6
Egyéb gyümölcs;0,9;0,5;0,8;0,9;1,2;0,4;0,8;0,9;1,4;0,7;1,4;1,1;0,7;0,6;1,0;0,7
Dió, mák, mogyoró, mandula, magvak;1,5;1,0;1,3;1,9;1,7;0,9;1,4;1,7;2,0;1,0;2,3;2,0;1,2;0,9;1,3;1,5
Gyümölcskészítmények;0,6;0,4;0,5;0,7;0,8;0,3;0,6;0,7;0,6;0,5;0,6;0,8;0,5;0,2;0,7;0,6
Gyümölcs összesen;45,8;32,3;35,8;59,4;71,0;35,4;43,2;50,3;53,7;47,7;60,2;77,1;31,7;26,8;56,9;30,7
Leveles, száraz zöldségek;2,3;0,8;1,8;2,8;3,8;1,7;2,1;2,6;2,8;2,2;3,0;4,0;1,4;0,9;4,5;1,2
Káposztafélék;5,1;3,7;3,4;7,8;9,0;5,7;5,0;4,9;5,0;3,3;5,3;10,8;3,1;4,1;6,6;3,9
Uborka;3,2;2,4;2,4;4,3;5,0;3,2;3,3;3,2;2,9;2,0;3,4;5,7;2,0;3,3;4,7;2,7
Paradicsom;6,4;3,3;5,4;7,1;9,8;5,1;6,1;7,9;6,5;7,0;9,5;10,6;4,4;3,4;7,5;3,4
Zöldpaprika;5,3;3,2;4,3;6,3;8,6;4,5;5,2;6,1;5,6;4,2;7,4;9,3;3,8;3,3;5,6;3,2
Zöldbab;0,6;0,8;0,3;0,9;1,3;0,7;0,5;0,7;0,5;0,1;0,5;1,1;0,3;0,7;1,2;0,5
Zöldborsó;0,8;0,7;0,5;1,1;1,5;1,1;0,8;0,7;0,6;0,0;0,8;1,3;0,4;0,6;1,4;1,3
Szárazhüvelyesek;0,9;0,7;0,7;1,2;1,7;1,2;1,1;0,6;0,8;0,3;1,4;1,8;0,6;0,9;1,0;0,6
Gomba;0,9;0,5;0,7;1,0;1,1;0,5;0,9;0,9;1,1;0,6;1,0;1,2;0,7;0,7;0,9;0,7
Sárgarépa, petrezselyemgyökér;7,1;5,7;5,4;9,6;11,3;7,3;7,4;7,2;6,6;4,4;8,3;12,3;5,2;6,2;8,5;5,6
Vöröshagyma;8,8;6,9;6,9;12,3;12,7;10,3;9,5;8,1;7,5;6,9;11,7;14,1;6,4;6,9;11,5;6,2
Egyéb friss zöldség;3,5;2,4;2,6;5,3;5,6;2,2;3,6;3,6;4,5;3,7;4,9;6,7;2,3;2,1;3,6;2,4
Tartósított zöldség, zöldségkészítmények;7,4;5,2;6,0;9,6;10,6;6,4;7,3;8,3;7,6;5,7;10,0;11,4;5,4;8,2;8,6;5,4
Burgonya;30,3;34,1;24,2;40,5;41,4;40,4;31,9;27,7;22,3;25,4;39,5;46,2;22,6;27,0;35,5;23,8
Zöldség és burgonya összesen;82,6;70,3;64,6;109,8;123,4;90,3;84,5;82,6;74,1;65,8;106,6;136,8;58,6;68,4;101,0;60,9
Cukor;14,4;10,7;10,9;19,8;22,4;18,2;15,9;13,5;9,8;11,9;14,2;23,8;10,8;12,4;18,9;11,6
Ásványvíz, liter;81,6;62,7;73,3;101,2;95,2;55,4;80,4;95,3;91,7;97,7;127,5;109,1;63,9;55,2;85,3;52,3
Üdítõitalok, liter;32,7;37,7;32,9;35,8;28,0;30,3;35,7;32,4;30,4;39,0;46,0;28,7;31,4;29,7;32,8;27,3
Gyümölcslevek, liter;12,4;11,1;12,7;11,8;12,5;6,9;10,6;12,7;19,1;12,4;18,3;13,6;11,6;5,4;9,7;10,6
Bor, boralapú italok, liter;5,1;4,6;4,0;6,6;7,6;4,3;4,7;5,6;5,8;6,1;10,8;8,1;2,7;2,4;5,9;3,2
2016;;;;;;;;;;;;;;;;
Kenyér;37,0;37,4;33,2;43,2;44,9;50,8;41,7;32,7;25,7;36,3;49,2;48,5;30,3;36,5;38,3;31,3
Péksütemény;14,6;11,8;14,0;15,2;16,8;12,0;15,8;14,9;15,0;15,0;18,3;17,9;13,1;11,2;13,8;11,9
Egyéb cereáliák;34,3;27,6;28,5;42,0;49,0;41,4;36,6;32,5;28,1;29,7;38,9;52,3;26,7;34,2;38,8;28,8
Cereáliák összesen;86,0;76,8;75,7;100,3;110,7;104,3;94,2;80,1;68,7;81,0;106,4;118,8;70,1;81,9;91,0;72,0
Marha- és borjúhús;0,6;0,2;0,5;0,7;0,9;0,4;0,5;0,7;0,8;0,6;0,7;1,1;0,4;0,6;0,8;0,4
Sertéshús;18,5;14,9;14,7;24,7;26,9;22,2;23,0;16,4;12,9;10,6;21,7;28,2;13,8;26,6;26,7;12,8
Baromfihús;19,3;16,9;16,9;21,5;26,0;23,7;19,1;18,5;16,9;14,2;26,4;27,6;15,4;16,8;20,9;13,5
Szalámi, szárazkolbász, sonka;8,1;7,5;6,8;9,8;11,2;8,3;8,9;8,0;7,1;6,3;11,2;11,8;6,2;8,6;9,6;5,4
Egyéb hentesáru;11,8;11,3;10,5;14,1;14,2;13,3;12,5;11,7;9,6;12,1;16,9;15,2;9,3;11,7;11,5;11,0
Belsõség;2,8;3,8;2,0;3,6;4,7;3,3;2,9;2,9;2,1;2,2;2,9;4,9;1,9;3,1;3,4;2,4
Mirelit hústermékek, húskonzervek;2,1;2,1;2,0;2,2;2,1;2,1;2,4;2,0;1,7;2,6;3,3;2,4;1,8;1,9;1,9;1,5
Juh-, kecske-, nyúl- és egyéb hús;0,2;0,0;0,2;0,1;0,2;0,1;0,2;0,2;0,3;0,0;0,1;0,1;0,2;0,5;0,6;0,1
Húsfélék összesen;63,3;56,7;53,7;76,8;86,1;73,5;69,6;60,3;51,4;48,4;83,2;91,3;48,9;69,9;75,4;47,2
Hal;1,1;0,7;0,9;1,3;1,6;0,7;1,0;1,1;1,6;0,9;1,2;1,6;0,9;0,6;1,3;1,0
Halkonzerv;0,5;0,3;0,4;0,6;0,6;0,3;0,4;0,5;0,7;0,4;0,9;0,6;0,3;0,3;0,5;0,3
Hal, halkonzerv;1,6;1,0;1,4;1,8;2,2;0,9;1,4;1,6;2,3;1,3;2,1;2,2;1,2;1,0;1,8;1,4
Tej, liter;53,4;43,7;47,3;60,6;69,9;49,9;53,9;55,6;52,5;55,2;62,2;75,5;44,4;56,5;55,2;39,2
Joghurt, kefir, tejföl, liter;13,6;10,3;11,9;15,4;18,8;11,0;12,5;14,5;16,1;12,8;18,3;20,1;10,7;11,8;14,6;9,0
Sajt, túró, tejkonzerv, tejpor;7,6;6,0;6,8;8,4;10,0;5,7;7,0;8,4;8,9;7,4;10,2;10,5;6,2;7,2;8,3;5,3
Tojás, db;142;129;115;175;211;163;152;137;119;118;199;221;102;145;163;99
Vaj, vajkrém;1,2;1,0;1,1;1,4;1,5;1,0;1,0;1,2;1,6;1,1;1,5;1,7;1,0;1,0;1,3;0,7
Margarin és növényi zsírok;3,4;2,9;2,8;4,0;5,0;3,5;3,6;3,6;2,8;2,9;4,2;5,3;2,5;3,6;3,9;2,8
Étolaj, olívaolaj;10,3;9,9;9,0;11,9;13,7;12,3;11,6;9,9;7,7;9,9;13,2;14,9;8,0;9,9;10,6;9,7
Állati zsíradék;1,9;1,6;1,4;2,4;3,2;3,6;2,2;1,2;1,0;0,5;2,2;3,4;1,2;1,6;2,9;1,4
Zsiradék összesen;16,8;15,4;14,2;19,7;23,5;20,4;18,4;15,9;13,0;14,5;21,0;25,2;12,7;16,1;18,6;14,5
Citrusfélék;7,7;3,9;6,5;9,6;11,0;4,4;6,8;8,8;10,3;7,7;12,1;12,1;5,3;7,3;8,2;5,2
Banán;5,6;5,1;5,2;6,2;6,7;3,4;5,1;6,0;7,6;7,5;8,3;7,2;4,5;5,1;6,0;3,6
Alma;10,5;6,5;8,7;12,0;16,1;9,6;9,5;11,8;10,6;7,5;15,5;16,8;6,9;11,3;11,2;10,5
Körte;1,2;0,8;1,0;1,3;1,8;0,9;1,3;1,2;1,3;0,9;1,8;1,8;0,8;1,1;1,3;1,0
Õszibarack;2,7;2,5;2,0;3,2;4,7;2,1;2,6;2,9;3,1;2,6;2,8;5,2;1,8;2,3;3,5;1,4
Sárgabarack;0,9;0,1;0,6;0,9;2,1;0,8;0,6;0,9;1,3;0,1;1,9;1,9;0,4;0,3;0,9;0,7
Cseresznye;0,6;1,2;0,5;0,6;1,1;0,5;0,7;0,6;0,7;0,2;0,8;0,9;0,4;0,2;0,8;1,2
Meggy;0,9;0,4;0,5;1,0;2,1;1,0;0,6;1,3;0,5;0,2;1,7;2,1;0,3;0,8;0,8;0,9
Szilva;1,2;1,0;0,6;1,2;3,4;1,0;1,4;1,5;0,7;0,4;1,6;3,3;0,5;0,5;1,1;0,6
Földieper, málna, ribizli;1,1;0,3;0,8;1,2;2,3;0,6;1,1;1,2;1,6;0,6;1,5;2,3;0,8;0,4;0,9;0,7
Szõlõ;2,0;1,9;1,4;1,5;5,0;0,9;1,9;1,7;3,6;0,7;2,0;5,0;1,3;0,7;1,5;1,2
Sárgadinnye;0,7;0,1;0,6;0,8;1,1;0,7;0,5;0,8;0,8;0,7;1,3;1,1;0,4;0,3;0,8;0,5
Görögdinnye;6,3;7,7;5,1;7,9;9,1;6,6;5,7;6,2;7,1;7,8;8,0;9,3;4,9;7,0;7,2;3,8
Egyéb gyümölcs;1,1;0,6;1,1;1,0;1,3;0,9;0,7;1,2;1,6;1,0;1,4;1,4;1,1;0,8;1,1;0,5
Dió, mák, mogyoró, mandula, magvak;1,4;1,1;1,4;1,5;1,7;0,7;1,1;1,7;2,1;1,1;2,9;1,8;1,0;1,3;1,5;0,9
Gyümölcskészítmények;0,6;0,2;0,6;0,6;0,8;0,4;0,5;0,8;0,9;0,5;0,7;0,9;0,6;0,2;0,7;0,2
Gyümölcs összesen;44,7;33,4;36,6;50,7;70,2;34,3;40,2;48,4;53,8;39,5;64,4;73,1;30,8;39,7;47,7;33,0
Leveles, száraz zöldségek;2,1;0,8;1,8;2,2;3,1;2,1;1,7;2,4;2,2;0,8;2,9;3,4;1,6;1,0;2,4;1,6
Káposztafélék;5,0;4,0;3,7;6,8;8,4;5,4;5,2;5,0;4,4;3,4;6,3;9,0;3,3;5,4;6,1;3,8
Uborka;3,2;3,0;2,3;4,2;5,3;3,0;3,4;3,6;2,5;2,6;4,3;5,8;1,9;3,2;4,4;2,5
Paradicsom;6,1;5,2;5,4;6,1;8,8;5,6;5,9;6,8;5,8;5,7;8,7;9,2;4,6;4,1;6,7;4,0
Zöldpaprika;4,8;4,1;3,9;5,3;7,3;4,1;4,6;5,3;4,8;5,0;7,2;7,8;3,1;3,7;5,6;3,2
Zöldbab;0,6;1,1;0,3;1,0;1,2;0,8;0,7;0,6;0,3;0,2;0,5;1,3;0,3;0,5;0,9;0,6
Zöldborsó;0,5;0,3;0,3;0,8;1,2;0,7;0,6;0,6;0,3;0,1;0,8;1,2;0,2;0,4;1,0;0,5
Szárazhüvelyesek;0,8;0,5;0,6;1,1;1,1;1,1;0,9;0,6;0,6;0,5;1,0;1,3;0,5;0,6;1,0;0,6
Gomba;0,9;0,6;0,7;1,1;1,1;0,7;0,7;1,0;1,0;0,7;1,1;1,2;0,7;0,6;1,0;0,8
Sárgarépa, petrezselyemgyökér;7,2;6,1;5,8;9,2;10,7;7,6;7,7;7,3;6,3;5,0;8,6;11,5;5,4;6,8;9,1;5,3
Vöröshagyma;8,6;6,6;6,8;10,7;13,6;10,8;9,1;8,6;6,3;5,9;11,1;14,2;6,1;6,0;10,6;6,7
Egyéb friss zöldség;4,2;2,8;3,8;4,4;5,7;2,4;5,1;4,2;4,7;1,4;4,9;6,1;3,8;2,4;4,9;2,1
Tartósított zöldség, zöldségkészítmények;7,8;6,3;6,7;9,4;10,3;6,6;8,2;8,0;7,9;7,0;10,7;11,2;6,0;6,1;8,7;6,0
Burgonya;28,9;24,6;24,7;34,2;39,5;39,5;33,5;24,4;20,5;26,5;41,0;41,5;22,2;27,9;30,3;21,0
Zöldség és burgonya összesen;80,7;66,0;66,9;96,6;117,4;90,5;87,3;78,3;67,8;64,8;109,1;124,7;59,7;68,6;92,6;58,7
Cukor;13,6;13,0;11,0;17,5;19,2;17,1;15,4;12,6;9,7;12,2;14,5;21,5;10,6;12,4;14,9;11,4
Ásványvíz, liter;76,6;64,7;72,0;83,2;88,3;50,5;76,0;85,6;86,5;57,9;118,6;98,1;63,9;57,9;77,2;49,5
Üdítõitalok, liter;33,6;36,5;35,3;30,9;29,3;33,9;35,5;33,5;30,9;37,1;45,1;30,1;33,4;24,7;33,7;24,9
Gyümölcslevek, liter;12,4;8,0;12,2;13,3;12,6;7,8;10,2;14,3;16,1;12,6;16,7;13,9;11,4;10,0;11,7;8,9
Bor, boralapú italok, liter;5,8;2,0;4,0;10,1;8,7;4,3;6,9;4,7;7,2;7,9;12,6;9,5;2,8;3,0;7,6;3,0
2017;;;;;;;;;;;;;;;;
Kenyér;36,7;34,0;33,0;43,6;44,0;52,8;41,1;31,9;26,1;36,9;50,5;47,5;29,6;27,1;40,5;30,6
Péksütemény;16,2;15,0;15,8;16,8;17,6;14,8;16,0;16,8;16,8;18,3;22,4;18,7;14,5;14,4;15,2;12,2
Egyéb cereáliák;33,4;33,8;28,9;38,7;44,1;37,1;33,5;33,1;30,8;34,0;41,6;46,1;26,1;32,0;37,5;29,1
Cereáliák összesen;86,3;82,8;77,7;99,1;105,7;104,8;90,6;81,7;73,7;89,2;114,5;112,4;70,3;73,5;93,2;71,9
Marha- és borjúhús;1,0;1,1;0,7;1,4;1,4;0,8;0,9;0,9;1,3;0,4;1,4;1,6;0,7;0,8;1,2;0,6
Sertéshús;17,0;15,2;14,3;22,2;22,1;20,8;20,0;15,5;12,8;12,1;22,5;24,0;12,9;14,6;21,3;14,3
Baromfihús;20,0;16,2;17,6;24,2;25,3;23,5;21,2;19,4;16,8;19,8;25,6;26,8;16,0;16,6;23,7;15,7
Szalámi, szárazkolbász, sonka;8,4;6,6;7,2;10,5;11,1;9,2;9,1;7,9;7,8;6,9;13,3;12,1;6,0;6,9;9,3;7,1
Egyéb hentesáru;9,4;8,9;8,5;11,2;11,1;10,4;10,0;9,2;8,5;9,0;14,1;11,6;7,6;9,9;10,4;7,4
Belsõség;2,3;1,6;1,7;3,0;3,8;2,6;2,8;2,1;1,8;1,0;3,4;4,0;1,3;3,6;3,4;1,4
Mirelit hústermékek, húskonzervek;2,7;2,7;2,7;3,2;2,4;3,2;2,9;2,8;2,1;2,5;4,2;2,8;2,5;2,6;2,3;2,4
Juh-, kecske-, nyúl- és egyéb hús;0,1;0,2;0,1;0,2;0,1;0,1;0,1;0,2;0,1;0,0;0,2;0,1;0,1;0,1;0,3;0,1
Húsfélék összesen;61,1;52,6;53,0;76,0;77,3;70,7;67,0;57,9;51,2;51,6;84,6;82,9;47,2;55,1;72,0;49,2
Hal;1,4;0,7;1,3;1,8;1,7;1,2;1,5;1,4;1,5;1,3;2,3;1,9;1,0;1,1;1,6;1,0
Halkonzerv;0,4;0,3;0,4;0,4;0,6;0,2;0,3;0,5;0,7;0,6;0,7;0,5;0,3;0,6;0,5;0,3
Hal, halkonzerv;1,8;1,0;1,7;2,2;2,3;1,4;1,8;1,8;2,3;1,9;3,1;2,4;1,4;1,7;2,0;1,3
Tej, liter;52,6;39,7;47,0;58,6;68,8;55,4;52,0;52,7;50,9;52,4;61,1;71,3;44,2;38,9;55,1;44,8
Joghurt, kefir, tejföl, liter;13,2;10,9;11,7;14,7;17,4;11,7;12,5;13,5;14,8;16,7;17,6;18,3;10,5;13,4;13,3;9,2
Sajt, túró, tejkonzerv, tejpor;7,6;5,6;7,0;8,5;9,4;6,8;6,9;7,9;8,6;8,5;10,4;9,9;6,0;7,3;9,3;5,5
Tojás, db;148;135;127;174;197;181;154;136;131;142;195;211;108;125;159;160
Vaj, vajkrém;1,3;1,2;1,1;1,5;1,7;1,1;1,1;1,3;1,6;1,8;1,7;1,8;1,0;1,0;1,4;0,7
Margarin és növényi zsírok;3,3;2,7;2,8;3,8;4,7;3,8;3,6;3,3;2,6;2,8;4,0;5,0;2,6;2,2;3,7;2,8
Étolaj, olívaolaj;11,1;10,1;9,8;13,1;14,2;13,6;12,4;10,6;8,5;12,0;15,2;15,3;8,5;9,8;12,5;9,2
Állati zsíradék;1,6;1,8;1,2;1,8;2,9;2,6;2,0;1,3;0,9;0,8;2,2;3,0;0,9;1,1;2,1;1,7
Zsiradék összesen;17,4;15,8;14,9;20,2;23,5;21,2;19,1;16,5;13,6;17,5;23,1;25,1;13,0;14,0;19,7;14,5
Citrusfélék;7,9;6,5;6,7;9,1;11,1;6,2;7,0;8,7;9,2;10,2;10,0;11,6;5,9;8,5;9,1;5,1
Banán;6,2;5,5;5,8;6,2;7,5;5,4;5,7;6,4;7,1;8,0;8,0;7,8;5,5;4,5;5,6;3,9
Alma;11,3;6,9;9,4;12,8;17,2;11,6;11,7;10,9;10,9;11,4;13,8;17,7;8,2;7,6;13,9;8,1
Körte;1,7;1,2;1,2;2,1;3,1;1,8;1,6;1,6;1,8;1,3;2,7;3,2;0,9;1,6;1,9;1,2
Õszibarack;3,2;2,4;2,3;4,5;5,5;3,0;3,1;3,1;3,6;2,0;3,5;5,8;2,0;2,5;4,7;2,1
Sárgabarack;1,3;0,3;1,2;1,1;1,9;1,5;1,4;0,9;1,5;1,7;1,1;1,8;1,2;0,5;0,9;1,1
Cseresznye;0,7;0,4;0,4;1,0;1,5;0,4;1,1;0,5;0,8;0,1;0,8;1,7;0,3;0,2;0,9;0,4
Meggy;0,9;0,3;0,4;1,6;2,4;0,9;1,3;0,7;0,8;0,1;1,0;2,5;0,3;0,2;1,7;0,3
Szilva;1,3;0,2;0,8;1,6;2,7;1,3;1,5;1,4;0,7;0,4;1,0;2,6;0,7;0,6;2,1;1,1
Földieper, málna, ribizli;1,2;0,4;1,0;1,4;1,7;0,8;1,1;1,2;1,7;0,8;1,5;2,0;0,9;0,7;1,2;0,8
Szõlõ;2,0;0,3;1,3;2,8;3,7;1,6;2,0;1,8;2,4;1,8;2,8;3,8;1,1;1,5;2,7;1,1
Sárgadinnye;0,8;0,2;0,7;0,9;1,3;0,5;0,7;0,8;1,2;0,6;1,4;1,2;0,5;0,8;0,9;0,4
Görögdinnye;7,0;7,5;6,4;8,0;8,3;6,8;7,3;7,1;6,6;7,6;10,1;9,2;6,2;6,9;5,5;3,3
Egyéb gyümölcs;1,2;1,3;1,1;1,2;1,4;0,5;0,7;1,4;1,9;2,5;1,9;1,4;1,0;1,5;1,1;0,6
Dió, mák, mogyoró, mandula, magvak;1,5;1,0;1,2;2,2;1,8;0,8;1,2;1,6;2,1;1,1;2,2;2,1;1,1;1,3;1,6;1,1
Gyümölcskészítmények;0,8;0,9;0,7;0,9;1,0;0,6;0,6;0,8;1,0;1,3;0,8;1,0;0,6;1,2;0,7;0,7
Gyümölcs összesen;48,8;35,2;40,6;57,1;72,3;43,8;48,1;49,0;53,3;50,9;62,7;75,5;36,6;39,9;54,6;31,3
Leveles, száraz zöldségek;1,5;1,7;1,4;1,6;1,8;1,0;1,2;1,5;2,1;2,0;2,3;2,0;1,1;1,5;1,6;1,0
Káposztafélék;6,1;4,2;4,8;7,0;10,4;6,9;6,7;5,7;5,4;5,5;7,3;10,4;4,2;5,0;8,0;4,2
Uborka;2,6;2,4;2,0;3,6;3,8;2,8;2,6;2,7;2,5;2,4;2,8;4,1;1,9;2,2;3,8;2,0
Paradicsom;5,6;3,5;4,5;6,8;8,7;6,6;4,6;5,4;6,4;6,6;7,4;9,9;3,9;5,1;5,8;2,5
Zöldpaprika;4,3;3,3;3,5;5,0;6,6;4,7;4,0;4,1;4,7;4,7;6,9;6,7;2,8;3,4;5,2;2,7
Zöldbab;0,5;0,1;0,3;1,0;1,1;0,8;0,6;0,5;0,4;0,2;0,6;1,1;0,3;1,1;0,7;0,3
Zöldborsó;0,6;0,1;0,4;0,8;1,1;0,7;0,9;0,4;0,4;0,0;0,5;1,2;0,3;0,3;0,8;0,5
Szárazhüvelyesek;0,9;0,5;0,7;1,1;1,5;1,3;0,9;0,8;0,7;0,6;1,1;1,4;0,6;0,8;1,3;0,6
Gomba;1,0;0,7;0,9;1,3;1,2;0,6;0,9;1,1;1,2;0,9;1,6;1,3;0,8;0,7;0,9;0,7
Sárgarépa, petrezselyemgyökér;7,5;5,1;6,1;9,8;11,0;9,0;8,1;7,0;6,4;7,7;10,0;11,8;5,2;6,0;9,6;5,3
Vöröshagyma;9,3;7,2;7,4;12,0;13,6;11,8;10,2;8,4;7,3;7,5;14,4;14,1;6,3;9,0;11,3;6,2
Egyéb friss zöldség;4,4;2,5;4,3;4,4;5,2;2,7;6,1;3,7;4,8;30,5;5,1;5,7;2,6;4,0;3,5;2,2
Tartósított zöldség, zöldségkészítmények;8,1;6,4;6,9;10,2;10,8;7,3;8,4;8,3;8,1;7,3;12,1;11,4;6,0;8,3;9,0;6,4
Burgonya;29,4;34,6;24,6;36,1;38,9;41,8;33,3;25,7;20,3;32,3;39,0;41,3;22,1;20,8;35,4;23,2
Zöldség és burgonya összesen;81,8;72,3;67,8;100,5;115,5;98,0;88,6;75,1;70,7;108,2;111,0;122,4;58,1;68,2;97,0;58,0
Cukor;15,2;12,3;12,1;19,6;22,4;18,4;17,0;13,7;12,6;12,5;19,2;23,6;10,2;10,4;19,3;16,3
Ásványvíz, liter;72,6;44,7;67,4;87,6;82,1;51,4;71,5;72,2;90,1;49,6;106,4;91,8;62,1;57,1;79,3;43,2
Üdítõitalok, liter;31,1;30,3;32,1;34,1;25,4;25,2;32,0;32,6;32,5;38,8;43,3;28,1;30,0;34,1;29,4;25,3
Gyümölcslevek, liter;12,5;7,8;12,8;11,7;13,2;6,9;9,7;13,2;19,1;15,1;15,6;13,8;12,3;9,9;10,9;7,5
Bor, boralapú italok, liter;5,3;3,1;4,2;6,5;8,3;3,5;4,4;5,3;7,6;7,5;8,4;8,2;3,1;7,1;7,4;3,1
2018;;;;;;;;;;;;;;;;
Kenyér;34,4;35,3;29,3;41,1;44,4;48,1;37,0;31,3;25,6;35,1;48,0;47,7;26,2;33,6;35,2;30,2
Péksütemény;19,9;16,1;18,8;21,4;22,6;18,3;20,3;20,8;19,2;25,5;27,6;24,2;16,9;16,6;19,4;15,0
Egyéb cereáliák;33,9;26,2;28,6;41,1;45,7;38,2;32,7;34,9;30,9;42,5;40,2;48,8;25,4;26,9;41,2;29,3
Cereáliák összesen;88,2;77,6;76,8;103,6;112,7;104,5;90,1;87,1;75,6;103,0;115,8;120,6;68,5;77,1;95,8;74,5
Marha- és borjúhús;1,1;0,7;0,8;1,6;1,3;0,9;0,9;1,1;1,3;0,2;1,3;1,7;0,8;0,7;1,6;0,6
Sertéshús;18,3;13,5;15,6;23,0;23,7;22,8;21,3;16,9;13,5;16,2;23,7;26,2;13,2;19,0;21,3;19,2
Baromfihús;20,9;19,3;17,2;25,9;28,6;25,4;21,4;20,3;18,0;20,2;27,7;30,8;15,4;24,8;23,9;15,6
Szalámi, szárazkolbász, sonka;9,7;6,4;8,4;11,2;12,9;10,7;9,8;9,3;9,1;10,1;14,2;14,0;6,8;9,9;10,1;8,5
Egyéb hentesáru;8,6;7,5;7,8;9,6;10,3;9,9;8,9;8,3;7,8;8,9;12,0;11,1;6,9;8,9;9,0;6,9
Belsõség;2,2;0,9;1,7;2,9;3,2;2,2;2,4;2,1;2,0;0,7;4,0;3,3;1,4;1,9;2,2;2,2
Mirelit hústermékek, húskonzervek;2,8;2,6;2,8;3,0;2,8;3,2;3,2;2,8;2,1;4,8;4,1;3,1;2,4;1,7;2,8;2,1
Juh-, kecske-, nyúl- és egyéb hús;0,2;0,0;0,2;0,4;0,1;0,0;0,2;0,3;0,3;0,0;0,9;0,1;0,2;0,1;0,2;0,0
Húsfélék összesen;63,8;50,8;54,7;77,6;82,9;75,1;68,1;61,1;53,9;61,2;87,9;90,3;47,1;66,9;71,1;55,0
Hal;1,7;1,3;1,5;1,7;2,3;1,5;1,6;1,5;2,1;1,7;2,1;2,3;1,3;2,0;1,9;1,2
Halkonzerv;0,4;0,3;0,4;0,6;0,5;0,2;0,4;0,5;0,7;0,7;0,6;0,5;0,3;0,3;0,6;0,4
Hal, halkonzerv;2,1;1,6;1,8;2,3;2,8;1,7;1,9;2,0;2,8;2,3;2,7;2,8;1,6;2,3;2,5;1,6
Tej, liter;54,6;43,9;47,7;62,7;71,9;57,2;53,9;56,0;51,8;59,5;74,5;74,8;42,2;48,4;57,8;46,5
Joghurt, kefir, tejföl, liter;13,3;8,9;11,5;14,4;18,7;11,7;12,2;13,8;14,9;12,5;18,1;19,7;10,1;10,4;13,9;9,4
Sajt, túró;7,9;5,8;6,8;9,3;10,6;6,8;7,0;8,4;9,2;8,0;10,8;11,3;6,1;6,7;9,0;5,6
Tojás, db;158;166;129;194;218;194;152;160;138;184;226;233;110;214;179;118
Vaj, vajkrém;1,2;1,1;1,0;1,5;1,7;1,1;0,9;1,3;1,6;1,9;1,8;1,8;0,9;0,6;1,2;1,0
Margarin és növényi zsírok;3,5;2,6;2,9;4,1;5,1;4,1;3,9;3,4;2,7;3,4;4,4;5,4;2,5;3,2;4,1;3,1
Étolaj, olívaolaj;12,4;12,7;10,5;14,7;16,4;14,6;13,3;12,2;10,0;16,1;18,6;17,5;8,9;10,3;14,3;8,7
Állati zsíradék;2,1;1,5;1,6;2,4;3,4;4,0;2,3;1,7;1,0;1,6;2,5;3,8;1,4;1,9;2,0;1,8
Zsiradék összesen;19,2;17,9;16,0;22,6;26,6;23,8;20,4;18,7;15,3;23,0;27,3;28,5;13,7;16,0;21,6;14,5
Citrusfélék;8,1;5,7;6,8;9,0;11,7;7,0;7,0;8,1;10,0;10,1;11,5;12,1;5,8;7,8;8,1;5,8
Banán;7,3;5,4;6,6;8,2;8,9;6,5;6,7;7,3;8,6;8,9;10,1;9,4;5,9;6,8;7,2;5,4
Alma;11,7;10,7;9,1;13,2;18,9;11,8;10,0;12,4;12,8;11,5;12,5;19,3;7,6;14,0;17,3;9,5
Körte;2,1;1,0;1,3;2,7;4,6;1,6;1,6;2,8;2,4;1,1;2,3;4,8;1,1;1,2;3,0;1,2
Õszibarack;3,3;0,8;2,3;4,2;5,9;3,2;2,7;3,7;3,5;0,6;3,6;6,5;2,0;3,7;4,7;1,5
Sárgabarack;0,8;0,2;0,4;0,8;2,3;0,6;0,6;0,6;1,5;0,2;0,5;2,5;0,4;0,2;0,7;0,4
Cseresznye;0,4;0,1;0,3;0,5;0,9;0,3;0,5;0,4;0,6;0,1;0,7;1,1;0,2;0,1;0,2;0,2
Meggy;0,8;0,1;0,4;1,0;1,9;1,0;0,5;0,9;0,9;0,0;0,7;2,3;0,3;0,2;0,9;0,6
Szilva;1,7;0,5;1,2;2,2;3,4;1,4;1,2;1,9;2,3;0,5;2,3;3,8;1,0;0,3;1,6;0,7
Földieper, málna, ribizli;1,1;0,2;1,1;1,3;1,4;0,6;1,0;1,0;2,0;0,4;2,7;1,5;0,8;0,2;0,9;0,8
Szõlõ;2,6;1,6;2,1;2,6;4,6;2,0;2,1;2,6;3,8;1,9;2,8;5,0;1,5;3,2;4,3;1,6
Sárgadinnye;0,9;0,3;0,7;1,2;1,5;0,7;0,7;1,0;1,3;0,8;1,7;2,0;0,5;0,4;0,6;0,2
Görögdinnye;7,3;2,3;6,0;9,8;10,1;6,8;6,1;8,4;7,6;4,4;11,4;11,8;5,2;8,0;6,1;4,8
Egyéb gyümölcs;1,2;0,3;1,2;1,4;1,4;0,6;1,1;1,2;2,0;1,3;2,0;1,5;1,0;0,2;1,4;1,3
Dió, mák, mogyoró, mandula, magvak;1,5;0,5;1,3;1,9;2,1;0,9;1,2;1,5;2,5;1,4;2,4;2,4;1,1;1,6;1,8;1,0
Gyümölcskészítmények;0,9;0,6;0,7;1,0;1,3;0,5;0,8;1,0;1,1;0,5;1,2;1,4;0,6;0,2;0,8;0,7
Gyümölcs összesen;51,9;30,3;41,7;61,0;80,9;45,4;43,6;54,7;63,0;43,6;68,6;87,2;35,2;48,0;59,5;35,9
Leveles, száraz zöldségek;1,8;1,4;1,6;1,7;2,5;0,9;1,2;1,7;3,1;2,9;2,1;2,5;1,4;1,7;2,0;1,3
Káposztafélék;5,9;3,5;4,6;7,0;9,7;6,7;5,8;5,7;5,8;5,7;7,8;10,1;3,9;5,3;7,6;3,4
Uborka;3,8;1,9;3,0;4,8;5,7;3,5;3,8;3,8;4,0;2,5;4,1;6,5;2,7;2,5;4,7;2,7
Paradicsom;7,6;3,9;6,4;8,4;11,3;6,2;6,5;7,9;9,5;8,0;9,1;12,3;5,6;4,2;7,8;5,6
Zöldpaprika;5,4;3,3;4,3;6,1;8,6;5,4;5,0;5,5;5,7;4,3;7,5;9,4;3,7;3,9;5,5;3,3
Zöldbab;0,5;0,0;0,3;0,7;1,2;0,8;0,5;0,5;0,4;0,0;0,5;1,4;0,2;0,3;0,5;0,5
Zöldborsó;0,3;0,2;0,2;0,3;0,7;0,4;0,3;0,2;0,4;0,0;0,4;0,8;0,2;0,3;0,3;0,1
Szárazhüvelyesek;0,9;0,8;0,6;1,2;1,4;1,1;0,9;0,8;0,8;1,0;0,9;1,4;0,5;0,6;1,6;0,7
Gomba;0,9;0,8;0,8;1,0;1,3;0,6;0,8;1,0;1,2;1,2;1,3;1,3;0,7;0,7;1,0;0,8
Sárgarépa, petrezselyemgyökér;6,6;4,3;5,2;8,2;10,1;8,0;6,6;6,5;5,8;4,9;8,6;10,7;4,7;6,2;7,2;4,9
Vöröshagyma;8,4;5,0;6,8;10,1;12,4;10,0;8,6;8,1;7,3;8,8;12,7;13,1;5,6;8,9;9,5;5,6
Egyéb friss zöldség;4,0;2,2;3,3;4,5;5,9;2,6;3,3;4,1;5,5;4,0;5,5;6,2;2,7;3,8;4,6;2,7
Tartósított zöldség, zöldségkészítmények;11,1;8,6;9,9;13,1;13,5;9,4;10,8;11,4;12,3;15,9;15,5;14,5;8,4;15,6;11,0;9,8
Burgonya;26,7;22,3;22,4;32,3;36,4;35,8;27,0;25,4;21,6;29,8;33,1;38,9;20,7;28,4;28,2;20,3
Zöldség és burgonya összesen;83,8;58,2;69,4;99,4;120,9;91,5;81,2;82,5;83,1;89,1;109,1;129,1;60,9;82,4;91,4;61,6
Cukor;11,8;6,1;10,0;13,1;17,4;14,9;13,1;11,5;8,2;9,7;14,5;18,3;8,4;10,6;14,1;10,3
Ásványvíz, liter;88,3;69,5;78,2;106,1;108,2;68,0;85,2;96,9;95,1;98,1;127,6;116,9;70,3;69,6;103,0;51,8
Üdítõitalok, liter;32,1;28,0;32,9;35,8;26,9;28,6;35,0;31,5;31,9;49,1;51,8;30,3;29,6;23,2;28,9;22,0
Gyümölcslevek, liter;13,0;10,9;12,7;15,0;12,5;7,1;10,3;14,1;19,0;13,8;20,1;14,1;11,9;10,2;9,8;10,2
Bor, boralapú italok, liter;5,1;2,1;4,0;5,8;8,2;3,4;4,0;4,6;8,1;4,1;9,8;8,3;2,8;3,3;6,2;2,7
2019;;;;;;;;;;;;;;;;
Kenyér;36,9;40,5;31,6;44,5;46,9;54,6;40,9;33,2;25,7;31,2;48,0;50,2;30,2;33,6;38,7;28,4
Péksütemény;22,8;18,5;21,1;26,3;25,9;21,9;23,9;22,5;22,7;25,1;31,1;27,1;19,9;14,9;23,4;18,0
Egyéb cereáliák;33,8;24,0;28,5;39,4;47,6;36,7;34,5;32,2;33,2;28,9;41,7;49,0;27,0;30,0;36,0;25,2
Cereáliák összesen;93,5;83,0;81,2;110,2;120,3;113,3;99,3;87,8;81,6;85,3;120,7;126,3;77,1;78,5;98,1;71,6
Marha- és borjúhús;1,0;0,7;0,7;1,4;1,6;0,5;0,9;1,0;1,4;0,3;1,5;1,5;0,6;1,5;1,5;0,8
Sertéshús;19,2;14,5;15,6;23,0;28,5;21,8;22,7;18,2;15,1;13,2;23,2;29,4;14,5;17,6;22,6;15,3
Baromfihús;23,1;20,5;19,3;28,5;31,0;27,9;25,7;22,4;18,1;21,8;28,9;32,9;18,1;19,5;26,7;17,4
Szalámi, szárazkolbász, sonka;11,0;8,1;8,9;12,2;17,7;10,9;10,7;10,1;12,6;10,2;15,0;18,6;7,6;9,2;11,1;8,1
Egyéb hentesáru;9,5;8,7;8,3;11,3;11,8;9,9;9,9;9,4;8,9;8,2;13,2;12,5;7,6;8,9;10,3;7,8
Belsõség;2,2;2,5;1,5;2,9;3,6;2,2;2,5;2,1;1,8;1,3;3,0;3,8;1,3;1,5;3,0;1,5
Mirelit hústermékek, húskonzervek;2,7;2,0;2,6;3,3;2,6;3,3;2,7;2,9;2,1;2,3;4,2;3,0;2,4;2,4;2,6;1,8
Juh-, kecske-, nyúl- és egyéb hús;0,1;0,0;0,1;0,1;0,2;0,1;0,1;0,1;0,1;0,0;0,2;0,3;0,1;0,4;0,0;–
Húsfélék összesen;68,8;57,1;56,9;82,7;97,0;76,7;75,1;66,2;60,1;57,3;89,2;102,0;52,0;60,9;77,8;52,8
Hal;1,9;2,0;1,7;2,1;2,3;1,3;2,0;2,0;2,0;1,5;2,8;2,4;1,7;1,8;1,4;1,3
Halkonzerv;0,5;0,3;0,5;0,8;0,6;0,3;0,4;0,5;0,9;0,4;1,0;0,6;0,4;0,3;0,6;0,4
Hal, halkonzerv;2,4;2,3;2,2;2,9;3,0;1,6;2,4;2,5;2,9;1,9;3,7;3,1;2,1;2,1;2,1;1,8
Tej, liter;56,2;59,4;49,1;62,5;73,2;54,8;56,8;58,3;53,7;51,6;74,4;76,2;45,8;49,5;55,8;44,8
Joghurt, kefir, tejföl, liter;13,1;9,2;10,9;16,1;18,2;11,5;12,6;13,9;13,6;11,8;18,7;19,2;9,7;14,1;13,5;10,2
Sajt, túró;8,4;6,3;7,4;9,2;11,3;6,6;7,5;8,8;10,0;8,7;11,8;11,4;6,5;9,5;8,8;6,4
Tojás, db;161;160;133;193;227;197;168;157;135;162;221;245;119;129;170;119
Vaj, vajkrém;1,5;1,1;1,2;1,8;2,0;1,1;1,3;1,5;1,9;1,7;1,9;2,1;1,2;1,1;1,5;1,0
Margarin és növényi zsírok;3,6;3,0;3,0;4,1;5,1;4,0;3,8;3,7;3,0;3,0;4,9;5,5;2,5;2,8;3,7;3,2
Étolaj, olívaolaj;13,0;11,6;11,2;14,7;17,8;16,3;14,6;12,9;9,5;12,0;17,6;19,0;10,1;9,9;13,9;9,3
Állati zsíradék;2,2;2,3;1,5;2,8;4,1;3,8;2,3;1,8;1,7;0,8;3,2;4,3;1,4;1,3;2,0;1,8
Zsiradék összesen;20,3;18,0;17,0;23,4;29,0;25,1;21,9;19,9;16,0;17,5;27,7;30,9;15,2;15,0;21,0;15,2
Citrusfélék;7,8;4,6;6,3;9,4;12,1;6,5;6,4;8,6;9,3;5,5;11,2;12,8;5,4;7,0;9,0;5,0
Banán;7,4;5,1;6,7;8,2;9,5;5,9;7,7;7,6;8,0;9,0;10,5;10,1;5,9;6,5;6,8;6,1
Alma;12,5;13,8;10,0;14,9;18,7;13,4;12,6;12,5;12,0;11,5;17,1;19,8;8,8;15,4;13,5;9,1
Körte;1,7;1,2;1,2;2,6;2,9;1,9;1,6;1,7;1,9;1,5;2,4;3,2;1,3;2,5;1,0;0,9
Õszibarack;4,8;1,4;3,0;7,0;9,0;4,8;4,6;4,7;5,0;1,9;5,4;10,7;2,2;11,1;5,5;3,0
Sárgabarack;1,0;0,1;0,6;1,4;1,9;0,9;0,9;1,1;1,0;0,1;0,7;2,2;0,7;0,4;1,0;0,7
Cseresznye;0,6;0,0;0,3;1,3;1,0;0,6;0,6;0,7;0,7;0,2;1,6;1,0;0,3;3,3;0,4;0,3
Meggy;0,5;0,0;0,2;1,0;1,1;0,7;0,5;0,5;0,5;0,0;0,6;1,0;0,2;2,2;0,8;0,4
Szilva;1,7;0,4;1,1;1,5;3,9;1,5;1,3;1,8;2,0;0,4;1,5;4,0;0,5;2,6;1,5;3,7
Földieper, málna, ribizli;1,3;0,2;1,1;1,6;1,8;0,6;1,2;1,4;1,6;0,6;2,4;1,8;0,9;0,7;0,9;1,0
Szõlõ;2,9;3,7;2,0;3,0;5,7;2,7;3,4;2,9;2,6;2,1;3,2;5,7;2,0;4,8;3,0;1,0
Sárgadinnye;0,8;0,4;0,6;1,0;1,6;0,7;0,6;0,9;1,2;0,5;1,2;1,9;0,5;0,1;0,6;0,3
Görögdinnye;6,8;8,0;5,8;8,6;8,1;7,3;5,4;5,7;9,1;5,6;10,5;9,6;4,8;5,4;6,1;7,2
Egyéb gyümölcs;1,1;1,0;1,1;1,2;1,4;0,6;0,7;1,0;2,1;1,7;1,8;1,6;0,9;1,3;0,9;0,4
Dió, mák, mogyoró, mandula, magvak;1,5;1,1;1,3;1,7;2,2;1,1;1,2;1,4;2,3;1,3;2,2;2,4;1,1;1,2;1,3;1,0
Gyümölcskészítmények;0,9;0,4;0,8;1,1;1,2;0,5;0,8;1,0;1,3;0,9;1,3;1,3;0,7;0,5;0,9;0,7
Gyümölcs összesen;53,5;41,6;42,1;65,5;82,1;49,6;49,5;53,2;60,6;42,9;73,5;89,1;36,3;65,1;53,1;40,5
Leveles, száraz zöldségek;1,9;1,6;1,7;2,2;2,5;1,4;1,5;2,0;2,7;2,2;3,3;2,6;1,4;2,4;1,8;1,6
Káposztafélék;5,1;4,7;3,6;7,0;8,4;5,2;5,7;5,2;4,2;3,4;6,4;9,1;3,4;6,4;5,4;3,6
Uborka;3,4;1,5;2,8;4,0;5,3;3,9;3,2;3,4;3,2;1,7;4,7;5,6;2,2;4,8;3,5;3,2
Paradicsom;6,5;3,9;5,4;7,5;10,0;5,8;5,9;6,2;8,2;6,0;9,8;10,5;4,2;7,8;6,9;5,7
Zöldpaprika;5,0;3,5;3,9;5,8;8,3;5,1;4,6;5,0;5,4;4,0;7,6;8,6;3,0;5,5;4,9;5,0
Zöldbab;0,4;0,0;0,2;0,5;0,7;0,5;0,4;0,4;0,2;0,0;0,6;0,9;0,1;0,1;0,5;0,4
Zöldborsó;0,4;0,0;0,3;0,6;0,6;0,4;0,5;0,5;0,2;0,0;0,3;0,6;0,3;1,1;0,5;0,2
Szárazhüvelyesek;0,6;0,5;0,5;0,9;0,8;0,7;0,8;0,5;0,6;0,5;0,8;1,0;0,4;0,6;0,6;0,5
Gomba;0,9;0,5;0,7;1,2;1,1;0,5;0,8;1,0;1,1;1,3;1,5;1,2;0,6;1,0;0,9;0,6
Sárgarépa, petrezselyemgyökér;6,1;5,6;4,7;7,7;9,4;7,1;6,2;6,2;5,3;3,7;7,2;9,9;4,4;6,5;6,7;5,1
Vöröshagyma;6,9;4,6;5,4;9,1;10,4;7,5;7,4;7,5;5,4;6,2;9,2;11,4;4,5;7,8;7,7;6,0
Egyéb friss zöldség;3,8;3,5;3,0;4,4;5,8;2,6;3,4;3,8;4,8;6,0;4,6;6,0;2,6;5,7;3,7;3,0
Tartósított zöldség, zöldségkészítmények;12,0;10,7;10,6;13,8;15,3;10,6;11,0;13,0;12,8;12,2;18,6;15,6;8,9;13,5;13,0;10,5
Burgonya;23,0;23,5;19,0;28,7;30,9;29,9;24,0;23,2;17,2;19,4;28,7;32,6;18,4;26,5;23,7;18,0
Zöldség és burgonya összesen;76,1;64,1;61,8;93,3;109,6;81,3;75,3;77,9;71,3;66,5;103,2;115,6;54,5;89,8;80,0;63,4
Cukor;10,9;8,6;8,4;14,7;16,1;13,2;13,2;10,9;7,1;5,5;11,5;17,9;7,9;15,0;13,6;9,1
Ásványvíz, liter;98,9;79,2;89,5;106,7;126,3;72,4;92,0;111,7;107,6;129,9;146,9;130,6;76,2;73,2;103,9;74,5
Üdítõitalok, liter;37,1;38,2;38,0;38,9;32,2;34,0;40,6;38,6;33,6;44,2;52,8;35,0;35,0;37,0;36,9;29,5
Gyümölcs-, zöldséglevek és szörpök, liter;12,7;9,4;12,5;14,1;12,5;6,7;10,3;13,5;18,2;11,7;18,5;14,0;11,5;12,0;11,1;9,9
Bor, boralapú italok, liter;5,3;2,2;4,3;6,1;8,6;3,0;4,6;5,8;7,1;3,3;8,8;8,9;3,5;3,7;6,2;2,6
2020;;;;;;;;;;;;;;;;
Kenyér;34,9;36,0;30,2;42,6;44,0;50,6;36,5;32,7;26,6;37,6;44,9;47,5;27,9;30,8;36,2;28,2
Péksütemény;22,9;18,3;21,4;24,5;27,3;22,0;22,9;24,8;21,1;25,4;32,0;28,8;19,1;16,7;23,2;16,3
Egyéb cereáliák;39,6;25,4;35,2;44,9;52,4;40,8;38,9;41,1;37,7;38,1;50,8;55,9;30,7;31,1;44,0;33,0
Cereáliák összesen;97,3;79,7;86,7;112,0;123,7;113,4;98,4;98,6;85,4;101,2;127,7;132,2;77,7;78,6;103,4;77,5
Marha- és borjúhús;1,1;0,5;0,9;1,6;1,3;0,9;1,0;1,1;1,2;0,9;2,1;1,2;0,6;1,1;1,6;1,1
Sertéshús;19,2;14,4;15,9;24,5;26,5;22,0;22,0;18,6;15,1;19,2;24,9;27,9;14,0;15,1;23,8;15,4
Baromfihús;25,2;23,8;21,7;29,4;33,8;31,3;26,3;24,4;21,3;26,1;32,1;35,8;18,8;20,8;28,9;23,2
Szalámi, szárazkolbász, sonka;8,7;6,0;7,2;11,4;11,9;7,3;9,6;9,0;8,2;6,8;11,8;12,3;6,6;6,0;11,1;6,8
Egyéb hentesáru;9,1;6,6;8,0;10,6;11,9;9,5;9,1;9,2;8,6;9,4;12,2;12,7;7,0;6,2;9,2;7,8
Belsõség;2,3;1,9;1,7;2,5;4,4;2,0;2,5;2,6;1,9;1,0;2,4;4,6;1,4;3,4;3,2;1,6
Mirelit hústermékek, húskonzervek;3,0;2,6;2,9;3,7;3,0;3,5;3,5;2,8;2,5;3,4;4,4;3,3;2,6;0,6;3,1;2,5
Juh-, kecske-, nyúl- és egyéb hús;0,1;0,0;0,1;0,2;0,1;0,1;0,1;0,2;0,2;0,0;0,2;0,2;0,1;0,4;0,1;0,1
Húsfélék összesen;68,6;55,8;58,4;83,8;92,7;76,6;74,1;68,0;59,1;66,7;90,2;98,0;51,2;53,7;81,1;58,5
Hal;1,9;0,7;1,7;2,2;2,5;1,2;1,7;2,0;2,3;1,5;3,0;2,5;1,4;0,6;2,7;1,0
Halkonzerv;0,6;0,4;0,6;0,7;0,6;0,3;0,4;0,7;1,0;1,1;1,2;0,6;0,4;0,5;0,8;0,4
Hal, halkonzerv;2,5;1,1;2,3;2,9;3,1;1,5;2,1;2,7;3,2;2,5;4,1;3,1;1,8;1,1;3,5;1,4
Tej, liter;56,7;46,5;50,4;65,0;72,5;57,2;54,9;61,3;53,0;54,0;65,0;76,6;47,7;51,2;60,0;47,4
Joghurt, kefir, tejföl, liter;12,7;8,4;10,9;14,5;17,8;10,8;12,3;13,7;13,0;13,7;16,0;18,7;9,7;10,1;14,2;8,9
Sajt, túró;8,9;5,9;8,1;10,0;11,5;6,9;7,9;9,5;10,4;10,6;12,4;12,4;7,1;6,5;8,8;5,8
Tojás, db;166,8;130,4;142,3;196,9;230,6;185,2;168,9;176,6;142,7;234,8;220,4;247,3;123,4;106,0;173,2;119,5
Vaj, vajkrém;1,5;0,9;1,3;1,6;1,9;1,0;1,2;1,5;2,0;2,2;1,9;2,0;1,2;0,8;1,5;0,9
Margarin és növényi zsírok;4,1;2,6;3,5;5,0;5,9;4,4;4,4;4,1;3,7;4,8;4,7;6,5;3,1;3,3;4,7;2,7
Étolaj, olívaolaj;13,3;10,0;11,1;16,1;18,8;16,8;15,6;12,1;10,1;12,7;16,0;20,3;9,9;10,0;15,2;10,7
Állati zsíradék;2,0;1,2;1,5;2,7;3,3;3,1;2,2;1,9;1,3;1,4;2,5;3,7;1,3;1,0;2,0;1,9
Zsiradék összesen;20,9;14,7;17,4;25,4;29,9;25,3;23,4;19,6;17,1;21,0;25,1;32,5;15,5;15,0;23,4;16,2
Citrusfélék;8,2;4,5;6,5;10,6;12,2;5,9;7,7;8,8;9,2;8,0;11,2;12,7;5,7;8,3;10,0;5,0
Banán;8,0;6,5;6,9;9,5;10,7;6,7;7,7;8,7;8,3;7,4;11,4;11,3;5,8;5,7;9,9;6,6
Alma;9,8;4,6;7,7;12,0;16,0;9,1;8,7;10,9;10,3;8,4;12,5;17,1;6,3;8,8;11,1;8,4
Körte;1,5;0,1;1,1;1,9;2,8;0,9;1,1;1,9;1,8;0,8;2,0;3,1;0,9;1,5;1,1;1,0
Õszibarack;2,6;1,3;2,0;3,2;4,5;2,5;2,1;3,4;2,4;2,2;3,6;4,5;1,7;1,9;3,9;1,2
Sárgabarack;0,4;0,6;0,2;0,8;0,8;0,3;0,3;0,5;0,7;0,5;0,5;1,0;0,2;0,2;0,7;0,2
Cseresznye;0,4;0,1;0,2;0,4;1,0;0,4;0,1;0,5;0,6;0,0;0,1;1,0;0,3;0,0;0,5;0,1
Meggy;0,5;0,0;0,2;0,9;1,4;0,6;0,3;0,5;0,7;0,2;0,4;1,7;0,1;0,3;0,2;0,6
Szilva;1,0;0,4;0,6;1,2;2,5;1,0;0,9;1,1;1,1;0,5;1,2;2,6;0,4;3,1;1,2;0,3
Földieper, málna, ribizli;0,4;0,1;0,4;0,4;0,8;0,2;0,3;0,4;0,7;0,6;0,4;0,9;0,3;0,3;0,4;0,3
Szõlõ;2,5;2,1;1,8;3,6;3,9;1,4;1,9;3,1;3,0;2,1;4,4;4,4;1,5;1,0;2,6;0,9
Sárgadinnye;0,8;0,7;0,7;0,7;1,0;0,4;0,6;0,7;1,2;0,7;1,4;1,1;0,6;0,8;0,9;0,3
Görögdinnye;6,3;8,2;5,4;7,8;7,9;5,6;5,0;6,4;7,9;11,3;9,4;8,6;4,6;2,9;9,6;1,0
Egyéb gyümölcs;1,1;0,2;1,0;1,0;1,4;0,4;0,8;1,0;1,8;1,2;1,8;1,4;0,8;0,7;1,1;0,6
Dió, mák, mogyoró, mandula, magvak;1,4;0,5;1,2;1,5;1,8;0,8;1,0;1,3;2,1;1,5;2,1;1,9;1,0;1,0;1,3;1,0
Gyümölcskészítmények;1,6;1,2;1,4;1,9;2,2;0,8;1,6;1,6;2,1;2,3;2,0;2,4;1,3;1,7;1,4;1,0
Gyümölcs összesen;46,6;31,1;37,5;57,4;70,9;37,0;40,0;51,0;53,8;47,7;64,3;75,8;31,5;38,4;56,0;28,3
Leveles, száraz zöldségek;2,0;0,8;1,9;2,3;2,3;0,9;1,3;2,2;3,1;2,4;3,2;2,5;1,5;2,5;2,4;1,2
Káposztafélék;5,5;3,8;4,1;6,7;9,6;5,7;5,9;5,0;5,7;5,3;6,5;9,8;3,4;6,6;7,2;3,9
Uborka;2,9;1,3;2,4;3,8;4,2;2,0;3,0;3,2;2,9;2,2;3,4;4,7;1,8;4,3;3,8;3,3
Paradicsom;7,1;3,0;5,9;9,7;9,9;5,5;6,2;7,0;9,1;5,9;10,7;11,1;4,8;4,4;9,7;3,7
Zöldpaprika;5,5;2,6;4,2;6,8;9,1;5,3;5,1;5,7;5,7;5,6;7,6;9,7;3,2;7,1;7,2;3,2
Zöldbab;0,3;0,3;0,2;0,7;0,7;0,3;0,3;0,4;0,4;0,2;0,3;0,8;0,1;1,3;0,7;0,2
Zöldborsó;0,5;0,0;0,4;0,8;0,8;0,5;0,4;0,8;0,4;0,0;0,2;1,0;0,4;0,0;0,9;0,5
Szárazhüvelyesek;0,7;0,1;0,6;0,9;1,1;0,8;0,7;0,7;0,8;0,5;1,2;1,2;0,5;1,1;0,7;0,4
Gomba;1,0;1,0;0,9;1,4;1,3;0,7;0,9;1,1;1,3;1,2;1,6;1,4;0,7;1,0;1,0;1,1
Sárgarépa, petrezselyemgyökér;7,6;6,5;6,2;9,2;11,1;8,3;7,6;7,5;7,2;8,7;8,6;11,9;5,5;4,9;9,2;5,6
Vöröshagyma;9,1;5,8;7,7;11,7;12,4;10,3;8,7;9,0;9,1;8,2;12,6;13,4;6,4;7,6;11,8;7,4
Egyéb friss zöldség;4,3;1,3;3,6;5,5;6,3;2,7;3,3;4,6;6,0;4,4;6,1;6,9;3,2;2,5;4,5;2,5
Tartósított zöldség, zöldségkészítmények;13,6;9,1;12,2;16,5;17,0;12,2;12,1;15,0;14,5;15,3;20,3;17,7;10,7;10,0;13,4;11,2
Burgonya;27,3;22,9;23,7;32,5;35,8;35,7;27,0;25,4;24,9;28,2;36,6;37,6;20,2;24,3;37,1;18,9
Zöldség és burgonya összesen;87,6;58,6;73,7;108,4;121,7;90,8;82,4;87,6;91,1;88,2;119,1;130,0;62,4;77,5;109,4;62,9
Cukor;12,5;9,7;10,1;14,2;19,7;14,8;14,9;12,2;9,0;10,2;15,1;21,3;8,3;12,3;14,2;11,4
Ásványvíz, liter;97,3;64,9;90,7;116,2;108,6;63,2;104,6;103,0;102,9;94,4;137,8;120,2;84,1;80,6;104,9;53,4
Üdítõitalok, liter;40,8;32,1;42,0;45,6;33,5;38,2;43,9;41,5;38,1;49,8;63,2;37,8;38,3;34,0;38,8;26,9
Gyümölcs-, zöldséglevek és szörpök, liter;15,7;12,1;15,8;17,2;14,9;8,3;13,6;16,1;21,8;13,1;20,9;17,1;15,1;9,8;15,1;11,2
Bor, boralapú italok, liter;5,9;0,9;5,1;7,5;7,9;2,6;4,1;5,9;9,6;6,8;9,8;8,1;4,4;1,1;7,4;2,3
